{"file_hashes":[{"block_hashes":["pdmHGvdZMmyG06crYefruwIUD6ricB6MRkb6POLuHUw="],"block_size":4096,"path":"_locales/se/messages.json"},{"block_hashes":["sDwXm83+e19hW2uZuL+dPfGtKEr3LuFJ8FH6YkJm2MI="],"block_size":4096,"path":"background/main.js"},{"block_hashes":["Y5U9SVsC0nHJmsgG//jRN4bgY9TSEOewDPTVR/wzil4="],"block_size":4096,"path":"config.js"},{"block_hashes":["HcRGLeaEBzpTtAg/nk+QlZ1i2Y8Y7fdS18Rj+m2LjHE="],"block_size":4096,"path":"contentscripts/any.js"},{"block_hashes":["nN8Xj5Zo58kRdmOMGTUxGdcE2M5UCR9iesg8UNDWVlk="],"block_size":4096,"path":"contentscripts/embedded.js"},{"block_hashes":["RzpXrnWRtT7iFYFMlv5hkpfdzHYgdEv/CrsbJtkeKDU="],"block_size":4096,"path":"contentscripts/youtube.com.js"},{"block_hashes":["pG6NEifqzuIT1OH0HfdA3vL+Sk/np2+THd0KbJzhDm4=","ntZCY6jDlCeFLfQhPWnfGWhKMTeRwDYPWF30C6zan6c="],"block_size":4096,"path":"icons/icon64.png"},{"block_hashes":["Oo0xuwoW9mYD8IQsiLNq7ZxaW8ul3BwaQ0tb9zKZLWY="],"block_size":4096,"path":"rules.json"},{"block_hashes":["WZdvlfnrAttB1aNAyfV4LcTsgcTKBWZGR3MCTwpr1pc="],"block_size":4096,"path":"ui/options.html"},{"block_hashes":["b2cMJNkemppvGfXnnEVtRbzKK7j2QIYhD/N4+MXJj9s="],"block_size":4096,"path":"ui/options.js"}],"version":2}