<?xml version="1.0" encoding="UTF-8" standalone="yes" ?>
<ttplayer 
	version="5.7.9">
	<Player 
		PlayerWnd="443,107,770,248" 
		PlayerWnd2="471,0,854,25" 
		LyricWnd="443,456,770,593" 
		LyricWnd2="854,0,1054,25" 
		EqualizerWnd="443,248,770,347" 
		PlayListWnd="443,248,770,582" 
		BrowserWnd="314,0,794,486" 
		BrowserWnd2="816,126,1296,612" 
		LyricVisible="0" 
		EqualizerVisible="0" 
		PlayListVisible="1" 
		BrowserVisible="0" 
		MiniMode="0" 
		DesklrcWnd="380,649,930,738" 
		TopMost="0" 
		LyricTopMost="0" 
		BrowserAutoStartup="1" 
		TopMost2="1" 
		LyricTopMost2="0" 
		LyricVisible2="0" 
		OpaqueWhenActive="0" 
		AlphaPercent="0" 
		WindowShadow="0" 
		PlayMode="3" 
		AutoSwitchList="0" 
		PlayFollowCursor="0" 
		PlayLists="1" 
		ActiveList="0" 
		PlayingFileSubTrack="0" 
		Mute="0" 
		Volume="100" 
		Balance="0" 
		ShowElapsedTime="1" 
		CheckAssociation="0" 
		AutoAssociate="1" 
		FirstRun_552="0" 
		UserWord="" 
		UserWordMD5=""
	/>
	<General 
		StartupMinimize="0" 
		TrayIcon="1" 
		Fade_Windows="0" 
		ShowHotKeyInTips="1" 
		TipsOnOpen="0" 
		MenuTips="1" 
		MenuBarPlayList="0" 
		ScrollTitle="1" 
		SendTitleToMSN="0" 
		Snap_Windows="65546" 
		TitleSlideInterval="65541" 
		CheckUpdateDays="-1" 
		LastMessageVer="131336193" 
		LastCheckedDay="150411" 
		AutoShutDown="0" 
		ShutDownTime="00:00:00" 
		ClearListOnCmd="0" 
		DefaultListOnCmd="1" 
		strDefaultList="[默认]" 
		AppIconFile="" 
		MP3ReadTagPriority="67633152" 
		MP3WriteTagType="5" 
		MP3ID3v2Encoding="0" 
		MP3ID3v2Padding="1"
	/>
	<Playback 
		AutoPlay="0" 
		ContinuePlay="0" 
		StopWhenFail="0" 
		TracksInterval="0" 
		ThreadPriority="15" 
		FileBuffer="16384" 
		SoundFadeMode="15" 
		FadeDuration="300,500,800,800" 
		TrackFadeDur="5000" 
		AutoGain="1" 
		AutoScanGain="0" 
		SkipScanGain="0"
	/>
	<Visual 
		SpectrumTopColor="#27435f" 
		SpectrumBtmColor="#27435f" 
		SpectrumMidColor="#27435f" 
		SpectrumPeakColor="#27435f" 
		SpectrumWide="1" 
		BlurSpeed="3" 
		Blur="1" 
		TextColor="#27435f" 
		Font="-11,0,0,0,400,0,0,0,1,0,0,4,0,Segoe UI" 
		BlurScopeColor="#27435f" 
		Type="2" 
		FramesPerSec="25"
	/>
	<FullScreen 
		VisualType="1" 
		PosRelationAll="0" 
		LrcSizeAll="2" 
		PosRelationGoom="1" 
		LrcSizeGoom="2" 
		PosRelationSpectrum="0" 
		LrcSizeSpectrum="2" 
		PosRelationBlurScope="1" 
		LrcSizeBlurScope="2"
	/>
	<DeskLrc 
		Profile="0" 
		Lines="2" 
		Align="3" 
		BkgndAlpha="0" 
		TextAlpha="255" 
		Topmost="1" 
		KaraokeMode="1" 
		AutoWidth="0" 
		UnlockWhenClose="1" 
		BkgTransp="0" 
		Smooth="1" 
		Border="0" 
		Shadow="1" 
		BkgndShow="0" 
		Font="-26,0,0,0,700,0,0,0,1,0,0,4,0," 
		BorderColor="#ffffff" 
		ShadowColor="#141414" 
		BkgndColor="#ffffff" 
		Profile_BCount="3" 
		Profile_BColor1="#0080ff" 
		Profile_BColor2="#00ffff" 
		Profile_BColor3="#0080ff" 
		Profile_PCount="3" 
		Profile_PColor1="#ff8080" 
		Profile_PColor2="#ff0000" 
		Profile_PColor3="#ff8080" 
		Profile1_Name="千千物语" 
		Profile1_BCount="3" 
		Profile1_BColor1="#0080ff" 
		Profile1_BColor2="#00ffff" 
		Profile1_BColor3="#0080ff" 
		Profile1_PCount="3" 
		Profile1_PColor1="#ff8080" 
		Profile1_PColor2="#ff0000" 
		Profile1_PColor3="#ff8080" 
		Profile2_Name="盛夏果实" 
		Profile2_BCount="2" 
		Profile2_BColor1="#25980a" 
		Profile2_BColor2="#81f900" 
		Profile2_BColor3="#000000" 
		Profile2_PCount="3" 
		Profile2_PColor1="#fde800" 
		Profile2_PColor2="#ff7800" 
		Profile2_PColor3="#fff600" 
		Profile3_Name="桃之夭夭" 
		Profile3_BCount="2" 
		Profile3_BColor1="#5e10df" 
		Profile3_BColor2="#d893ff" 
		Profile3_BColor3="#000000" 
		Profile3_PCount="3" 
		Profile3_PColor1="#ffcedf" 
		Profile3_PColor2="#ff3c85" 
		Profile3_PColor3="#ffcedf"
	/>
	<Lyric 
		Font="-14,0,0,0,400,0,0,0,134,3,2,4,34,微软雅黑" 
		TextColor="#8bbac6" 
		HilightColor="#ffffff" 
		BkgndColor="#31475b" 
		ScrollMode="0" 
		ScrollMode2="1" 
		CharSet="0" 
		TextAlign="0" 
		RowInterval="3" 
		FadeIndex="0" 
		FadeHilight="0" 
		KaraokeMode="1" 
		Transparent="0" 
		TransSkin="1" 
		ScrollModeFS="0" 
		TextAlignFS="1" 
		RowIntervalFS="4" 
		FadeIndexFS="10" 
		FadeHilightFS="0" 
		KaraokeModeFS="1" 
		TransparentFS="0" 
		AutoFontFS="1" 
		FontFS="60,0,0,0,400,0,0,0,1,0,0,4,0,微软雅黑" 
		TextColorFS="#0080c0" 
		HilightColorFS="#00ff00" 
		BkgndColorFS="#000000" 
		AutoLoadLyric="1" 
		AutoSaveLyricTag="1" 
		DontLoadLyricTag="0" 
		AutoVisible="0" 
		AutoWidth="1" 
		AutoWidthOnlyVert="1" 
		DragLyric="1" 
		MouseWheelAdjust="0" 
		SaveCompress="0" 
		TrimSpaces="1" 
		LyricSaveMode="1" 
		AddInIndex="0" 
		AutoDownLoad="1" 
		DownLoadWhenFullInfo="1" 
		AutoAssociate="0" 
		AutoSelectDownload="1" 
		OverWrite="0" 
		SameFileTitle="0" 
		SaveToSoundFolder="0" 
		DownLoadFolder="\Lyrics\" 
		NewLineAfterTag="1" 
		DisplayMode="0" 
		Folders_Count="2" 
	/>
	<PlayList 
		Font="-11,0,0,0,400,0,0,0,1,0,0,4,0,Segoe UI" 
		Color_Text="#8bbac6" 
		Color_Hilight="#ffffff" 
		Color_Bkgnd="#4b6782" 
		Color_Number="#8bbac6" 
		Color_Duration="#8bbac6" 
		Color_Select="#88aacb" 
		Color_Bkgnd2="#405b76" 
		CreateNewVerPlayList="0" 
		LibraryMode="0" 
		ItemTips="1" 
		DisableDelFile="1" 
		EnableDragDrop="1" 
		ReadInfoMode="0" 
		TitleNumber="1" 
		IgnoreBadFiles="0" 
		SaveRelativePath="1" 
		SaveTags="0" 
		TagFormat="1" 
		ClickRating="0" 
		TagTitleFormat="%A - %T" 
		DefTitleFormat="%F"
	/>
	<Library 
		Enabled="0" 
		Valid="0" 
		PlayingCatalog="" 
		MonitorDir="0" 
		Directories_Count="0" 
		MaxItemCount="1"
	/>
	<Network 
		Proxy_Type="0" 
		Proxy_Port="0" 
		Proxy_UserName="" 
		Proxy_Password="" 
		FreedbAutoQuery="1" 
		ShowInfoWhenFail="0" 
		ServerList_Count="0" 
		AcceptRecomList="0" 
		CheckUpdateDays="7" 
		DoCache="1" 
		LastMessageTime="0" 
		CreateFolderByAritst="0" 
		ReplaceFile="0" 
		DownloadWhenListen="0" 
		DownloadLrc="0" 
		MaxDownTasks="3" 
		DownloadNum="0" 
		SpeedModle="0" 
		TipShowedTime="0" 
		RemerberDownloadMode="0"
	/>
	<Convert 
		WriterIndex="0" 
		OutputBits="0" 
		ResampleRate="0" 
		ReplayGain="0" 
		Equalizer="0" 
		Surround="0" 
		Folder="" 
		SaveMode="1" 
		AddNumber="0" 
		AddToPlayList="0" 
		ThreadPriority="0"
	/>
</ttplayer>
